taxa_id,W,detected_0.9,detected_0.8,detected_0.7,detected_0.6
k__Bacteria;__;__;__;__;__,7,FALSE,FALSE,FALSE,FALSE
k__Bacteria;p__Actinobacteria;c__Actinobacteria;o__Actinomycetales;f__Actinomycetaceae;g__Actinomyces,5,FALSE,FALSE,FALSE,FALSE
k__Bacteria;p__Actinobacteria;c__Actinobacteria;o__Actinomycetales;f__Micrococcaceae;g__Rothia,7,FALSE,FALSE,FALSE,FALSE
k__Bacteria;p__Actinobacteria;c__Actinobacteria;o__Bifidobacteriales;f__Bifidobacteriaceae;g__Bifidobacterium,0,FALSE,FALSE,FALSE,FALSE
k__Bacteria;p__Actinobacteria;c__Coriobacteriia;o__Coriobacteriales;f__Coriobacteriaceae;g__Collinsella,9,FALSE,FALSE,FALSE,FALSE
k__Bacteria;p__Bacteroidetes;c__Bacteroidia;o__Bacteroidales;f__Bacteroidaceae;g__Bacteroides,47,TRUE,TRUE,TRUE,TRUE
k__Bacteria;p__Bacteroidetes;c__Bacteroidia;o__Bacteroidales;f__Porphyromonadaceae;g__Parabacteroides,41,FALSE,TRUE,TRUE,TRUE
k__Bacteria;p__Bacteroidetes;c__Bacteroidia;o__Bacteroidales;f__Prevotellaceae;g__Prevotella,1,FALSE,FALSE,FALSE,FALSE
k__Bacteria;p__Bacteroidetes;c__Bacteroidia;o__Bacteroidales;f__Rikenellaceae;g__,3,FALSE,FALSE,FALSE,FALSE
k__Bacteria;p__Firmicutes;c__Bacilli;o__Bacillales;f__Staphylococcaceae;g__Staphylococcus,5,FALSE,FALSE,FALSE,FALSE
k__Bacteria;p__Firmicutes;c__Bacilli;o__Lactobacillales;f__Enterococcaceae;g__Enterococcus,5,FALSE,FALSE,FALSE,FALSE
k__Bacteria;p__Firmicutes;c__Bacilli;o__Lactobacillales;f__Lactobacillaceae;g__Lactobacillus,7,FALSE,FALSE,FALSE,FALSE
k__Bacteria;p__Firmicutes;c__Bacilli;o__Lactobacillales;f__Streptococcaceae;g__Streptococcus,3,FALSE,FALSE,FALSE,FALSE
k__Bacteria;p__Firmicutes;c__Bacilli;o__Turicibacterales;f__Turicibacteraceae;g__Turicibacter,7,FALSE,FALSE,FALSE,FALSE
k__Bacteria;p__Firmicutes;c__Clostridia;o__Clostridiales;__;__,17,FALSE,FALSE,FALSE,FALSE
k__Bacteria;p__Firmicutes;c__Clostridia;o__Clostridiales;f__;g__,5,FALSE,FALSE,FALSE,FALSE
k__Bacteria;p__Firmicutes;c__Clostridia;o__Clostridiales;f__Clostridiaceae;__,37,FALSE,FALSE,TRUE,TRUE
k__Bacteria;p__Firmicutes;c__Clostridia;o__Clostridiales;f__Clostridiaceae;g__,3,FALSE,FALSE,FALSE,FALSE
k__Bacteria;p__Firmicutes;c__Clostridia;o__Clostridiales;f__Clostridiaceae;g__Clostridium,40,FALSE,TRUE,TRUE,TRUE
k__Bacteria;p__Firmicutes;c__Clostridia;o__Clostridiales;f__Lachnospiraceae;__,6,FALSE,FALSE,FALSE,FALSE
k__Bacteria;p__Firmicutes;c__Clostridia;o__Clostridiales;f__Lachnospiraceae;g__,2,FALSE,FALSE,FALSE,FALSE
k__Bacteria;p__Firmicutes;c__Clostridia;o__Clostridiales;f__Lachnospiraceae;g__Blautia,4,FALSE,FALSE,FALSE,FALSE
k__Bacteria;p__Firmicutes;c__Clostridia;o__Clostridiales;f__Lachnospiraceae;g__Coprococcus,5,FALSE,FALSE,FALSE,FALSE
k__Bacteria;p__Firmicutes;c__Clostridia;o__Clostridiales;f__Lachnospiraceae;g__Dorea,3,FALSE,FALSE,FALSE,FALSE
k__Bacteria;p__Firmicutes;c__Clostridia;o__Clostridiales;f__Lachnospiraceae;g__Lachnospira,4,FALSE,FALSE,FALSE,FALSE
k__Bacteria;p__Firmicutes;c__Clostridia;o__Clostridiales;f__Lachnospiraceae;g__Roseburia,1,FALSE,FALSE,FALSE,FALSE
k__Bacteria;p__Firmicutes;c__Clostridia;o__Clostridiales;f__Lachnospiraceae;g__[Ruminococcus],43,TRUE,TRUE,TRUE,TRUE
k__Bacteria;p__Firmicutes;c__Clostridia;o__Clostridiales;f__Peptostreptococcaceae;g__,16,FALSE,FALSE,FALSE,FALSE
k__Bacteria;p__Firmicutes;c__Clostridia;o__Clostridiales;f__Ruminococcaceae;__,5,FALSE,FALSE,FALSE,FALSE
k__Bacteria;p__Firmicutes;c__Clostridia;o__Clostridiales;f__Ruminococcaceae;g__,37,FALSE,FALSE,TRUE,TRUE
k__Bacteria;p__Firmicutes;c__Clostridia;o__Clostridiales;f__Ruminococcaceae;g__Faecalibacterium,0,FALSE,FALSE,FALSE,FALSE
k__Bacteria;p__Firmicutes;c__Clostridia;o__Clostridiales;f__Ruminococcaceae;g__Oscillospira,5,FALSE,FALSE,FALSE,FALSE
k__Bacteria;p__Firmicutes;c__Clostridia;o__Clostridiales;f__Ruminococcaceae;g__Ruminococcus,4,FALSE,FALSE,FALSE,FALSE
k__Bacteria;p__Firmicutes;c__Clostridia;o__Clostridiales;f__Veillonellaceae;g__Dialister,9,FALSE,FALSE,FALSE,FALSE
k__Bacteria;p__Firmicutes;c__Clostridia;o__Clostridiales;f__Veillonellaceae;g__Phascolarctobacterium,7,FALSE,FALSE,FALSE,FALSE
k__Bacteria;p__Firmicutes;c__Clostridia;o__Clostridiales;f__Veillonellaceae;g__Veillonella,30,FALSE,FALSE,FALSE,TRUE
k__Bacteria;p__Firmicutes;c__Erysipelotrichi;o__Erysipelotrichales;f__Erysipelotrichaceae;g__,2,FALSE,FALSE,FALSE,FALSE
k__Bacteria;p__Firmicutes;c__Erysipelotrichi;o__Erysipelotrichales;f__Erysipelotrichaceae;g__Coprobacillus,6,FALSE,FALSE,FALSE,FALSE
k__Bacteria;p__Firmicutes;c__Erysipelotrichi;o__Erysipelotrichales;f__Erysipelotrichaceae;g__[Eubacterium],5,FALSE,FALSE,FALSE,FALSE
k__Bacteria;p__Fusobacteria;c__Fusobacteriia;o__Fusobacteriales;f__Fusobacteriaceae;g__Fusobacterium,7,FALSE,FALSE,FALSE,FALSE
k__Bacteria;p__Proteobacteria;c__Betaproteobacteria;o__Burkholderiales;f__Alcaligenaceae;g__Sutterella,18,FALSE,FALSE,FALSE,FALSE
k__Bacteria;p__Proteobacteria;c__Deltaproteobacteria;o__Desulfovibrionales;f__Desulfovibrionaceae;g__Bilophila,10,FALSE,FALSE,FALSE,FALSE
k__Bacteria;p__Proteobacteria;c__Gammaproteobacteria;o__Enterobacteriales;f__Enterobacteriaceae;__,45,TRUE,TRUE,TRUE,TRUE
k__Bacteria;p__Proteobacteria;c__Gammaproteobacteria;o__Enterobacteriales;f__Enterobacteriaceae;g__,0,FALSE,FALSE,FALSE,FALSE
k__Bacteria;p__Proteobacteria;c__Gammaproteobacteria;o__Pasteurellales;f__Pasteurellaceae;g__Haemophilus,5,FALSE,FALSE,FALSE,FALSE
k__Bacteria;p__Proteobacteria;c__Gammaproteobacteria;o__Pseudomonadales;f__Moraxellaceae;g__Acinetobacter,6,FALSE,FALSE,FALSE,FALSE
k__Bacteria;p__Proteobacteria;c__Gammaproteobacteria;o__Pseudomonadales;f__Pseudomonadaceae;g__Pseudomonas,5,FALSE,FALSE,FALSE,FALSE
k__Bacteria;p__Verrucomicrobia;c__Verrucomicrobiae;o__Verrucomicrobiales;f__Verrucomicrobiaceae;g__Akkermansia,3,FALSE,FALSE,FALSE,FALSE
